{
  "checkpoints": {
    "0": {
      "y_acc_train": 0.50199203187251,
      "y_acc_val": 0.5011574074074074,
      "halt_acc_train": 0.17554780876494025,
      "halt_acc_val": 0.16898148148148148
    },
    "5": {
      "y_acc_train": 0.9287848605577689,
      "y_acc_val": 0.9236111111111112,
      "halt_acc_train": 0.6815239043824701,
      "halt_acc_val": 0.6678240740740741
    },
    "10": {
      "y_acc_train": 0.9673804780876494,
      "y_acc_val": 0.9710648148148148,
      "halt_acc_train": 0.776394422310757,
      "halt_acc_val": 0.7592592592592593
    },
    "25": {
      "y_acc_train": 0.9681274900398407,
      "y_acc_val": 0.9710648148148148,
      "halt_acc_train": 0.8050298804780877,
      "halt_acc_val": 0.78125
    },
    "50": {
      "y_acc_train": 0.9858067729083665,
      "y_acc_val": 0.9849537037037037,
      "halt_acc_train": 0.8956673306772909,
      "halt_acc_val": 0.8715277777777778
    }
  },
  "test_y_accuracy": 0.9886363636363636,
  "test_halt_accuracy": 0.8863636363636364
}