{
  "y_acc_train": 0.9930521091811414,
  "y_acc_val": 0.9953703703703703,
  "halt_acc_train": 0.9861042183622829,
  "halt_acc_val": 0.9791666666666666,
  "E_val_size": 430
}