{
  "y_acc_train": 0.8272952853598015,
  "y_acc_val": 0.8148148148148148,
  "halt_acc_train": 0.513151364764268,
  "halt_acc_val": 0.4791666666666667,
  "E_val_size": 352
}