{
  "y_acc_train": 0.9861042183622829,
  "y_acc_val": 0.9722222222222222,
  "halt_acc_train": 0.9707196029776675,
  "halt_acc_val": 0.9513888888888888,
  "E_val_size": 420
}