{
  "y_acc_train": 0.9250620347394541,
  "y_acc_val": 0.9143518518518519,
  "halt_acc_train": 0.8426799007444169,
  "halt_acc_val": 0.8217592592592593,
  "E_val_size": 395
}