{
  "y_acc_train": 0.9870967741935484,
  "y_acc_val": 0.9861111111111112,
  "halt_acc_train": 0.9727047146401985,
  "halt_acc_val": 0.9560185185185185,
  "E_val_size": 426
}