{
  "checkpoints": {
    "0": {
      "y_acc_train": 0.4843672456575682,
      "y_acc_val": 0.5185185185185185,
      "halt_acc_train": 0.0,
      "halt_acc_val": 0.0,
      "E_val_size": 224
    },
    "1": {
      "y_acc_train": 0.8272952853598015,
      "y_acc_val": 0.8148148148148148,
      "halt_acc_train": 0.513151364764268,
      "halt_acc_val": 0.4791666666666667,
      "E_val_size": 352
    },
    "5": {
      "y_acc_train": 0.9250620347394541,
      "y_acc_val": 0.9143518518518519,
      "halt_acc_train": 0.8426799007444169,
      "halt_acc_val": 0.8217592592592593,
      "E_val_size": 395
    },
    "10": {
      "y_acc_train": 0.9861042183622829,
      "y_acc_val": 0.9722222222222222,
      "halt_acc_train": 0.9707196029776675,
      "halt_acc_val": 0.9513888888888888,
      "E_val_size": 420
    },
    "20": {
      "y_acc_train": 0.9870967741935484,
      "y_acc_val": 0.9861111111111112,
      "halt_acc_train": 0.9727047146401985,
      "halt_acc_val": 0.9560185185185185,
      "E_val_size": 426
    },
    "50": {
      "y_acc_train": 0.9930521091811414,
      "y_acc_val": 0.9953703703703703,
      "halt_acc_train": 0.9861042183622829,
      "halt_acc_val": 0.9791666666666666,
      "E_val_size": 430
    }
  },
  "test_y_accuracy": 0.9953810623556582,
  "test_halt_accuracy": 0.9861431870669746
}