{
  "y_acc_train": 0.5101736972704715,
  "y_acc_val": 0.4930555555555556,
  "halt_acc_train": 0.2813895781637717,
  "halt_acc_val": 0.29398148148148145,
  "E_val_size": 213
}