{
  "y_acc_train": 0.8114143920595533,
  "y_acc_val": 0.7731481481481481,
  "halt_acc_train": 0.4947890818858561,
  "halt_acc_val": 0.5324074074074074,
  "E_val_size": 334
}