{
  "y_acc_train": 0.9915632754342432,
  "y_acc_val": 0.9884259259259259,
  "halt_acc_train": 0.4947890818858561,
  "halt_acc_val": 0.5324074074074074,
  "E_val_size": 427
}