{
  "y_acc_train": 0.9419354838709677,
  "y_acc_val": 0.9236111111111112,
  "halt_acc_train": 0.4947890818858561,
  "halt_acc_val": 0.5324074074074074,
  "E_val_size": 399
}