{
  "y_acc_train": 0.9950372208436724,
  "y_acc_val": 0.9976851851851852,
  "halt_acc_train": 0.4947890818858561,
  "halt_acc_val": 0.5138888888888888,
  "E_val_size": 431
}