{
  "checkpoints": {
    "0": {
      "y_acc_train": 0.5101736972704715,
      "y_acc_val": 0.4930555555555556,
      "halt_acc_train": 0.2813895781637717,
      "halt_acc_val": 0.29398148148148145,
      "E_val_size": 213
    },
    "1": {
      "y_acc_train": 0.8114143920595533,
      "y_acc_val": 0.7731481481481481,
      "halt_acc_train": 0.4947890818858561,
      "halt_acc_val": 0.5324074074074074,
      "E_val_size": 334
    },
    "5": {
      "y_acc_train": 0.9419354838709677,
      "y_acc_val": 0.9236111111111112,
      "halt_acc_train": 0.4947890818858561,
      "halt_acc_val": 0.5324074074074074,
      "E_val_size": 399
    },
    "10": {
      "y_acc_train": 0.9866004962779157,
      "y_acc_val": 0.9884259259259259,
      "halt_acc_train": 0.4947890818858561,
      "halt_acc_val": 0.5324074074074074,
      "E_val_size": 427
    },
    "20": {
      "y_acc_train": 0.9915632754342432,
      "y_acc_val": 0.9884259259259259,
      "halt_acc_train": 0.4947890818858561,
      "halt_acc_val": 0.5324074074074074,
      "E_val_size": 427
    },
    "50": {
      "y_acc_train": 0.9950372208436724,
      "y_acc_val": 0.9976851851851852,
      "halt_acc_train": 0.4947890818858561,
      "halt_acc_val": 0.5138888888888888,
      "E_val_size": 431
    }
  },
  "test_y_accuracy": 0.9930715935334873,
  "test_halt_accuracy": 0.47344110854503463
}