{
  "K_real": {
    "y_acc": [
      0.9953810623556582,
      0.9907621247113164,
      0.9907621247113164
    ],
    "halt_acc": [
      0.9861431870669746,
      0.9838337182448037,
      0.9907621247113164
    ]
  },
  "shuffle": {
    "y_acc": [
      0.9907621247113164,
      0.9930715935334873,
      0.9838337182448037
    ],
    "halt_acc": [
      0.5103926096997691,
      0.47344110854503463,
      0.45958429561200925
    ]
  }
}