{
  "y_acc_train": 0.7384615384615385,
  "y_acc_val": 0.7847222222222222,
  "halt_acc_train": 0.5523573200992555,
  "halt_acc_val": 0.5462962962962963,
  "E_val_size": 339
}