{
  "y_acc_train": 0.48933002481389576,
  "y_acc_val": 0.4861111111111111,
  "halt_acc_train": 0.11761786600496278,
  "halt_acc_val": 0.11574074074074074,
  "E_val_size": 210
}