{
  "y_acc_train": 0.9647642679900744,
  "y_acc_val": 0.9722222222222222,
  "halt_acc_train": 0.9419354838709677,
  "halt_acc_val": 0.9490740740740741,
  "E_val_size": 420
}