{
  "y_acc_train": 0.9816377171215881,
  "y_acc_val": 0.9861111111111112,
  "halt_acc_train": 0.9732009925558313,
  "halt_acc_val": 0.9722222222222222,
  "E_val_size": 426
}