{
  "y_acc_train": 0.9910669975186104,
  "y_acc_val": 0.9953703703703703,
  "halt_acc_train": 0.9771712158808933,
  "halt_acc_val": 0.9837962962962963,
  "E_val_size": 430
}