{
  "y_acc_train": 0.9915632754342432,
  "y_acc_val": 0.9907407407407407,
  "halt_acc_train": 0.9836228287841191,
  "halt_acc_val": 0.9814814814814815,
  "E_val_size": 428
}