{
  "checkpoints": {
    "0": {
      "y_acc_train": 0.48933002481389576,
      "y_acc_val": 0.4861111111111111,
      "halt_acc_train": 0.11761786600496278,
      "halt_acc_val": 0.11574074074074074,
      "E_val_size": 210
    },
    "1": {
      "y_acc_train": 0.7384615384615385,
      "y_acc_val": 0.7847222222222222,
      "halt_acc_train": 0.5523573200992555,
      "halt_acc_val": 0.5462962962962963,
      "E_val_size": 339
    },
    "5": {
      "y_acc_train": 0.9647642679900744,
      "y_acc_val": 0.9722222222222222,
      "halt_acc_train": 0.9419354838709677,
      "halt_acc_val": 0.9490740740740741,
      "E_val_size": 420
    },
    "10": {
      "y_acc_train": 0.9910669975186104,
      "y_acc_val": 0.9953703703703703,
      "halt_acc_train": 0.9771712158808933,
      "halt_acc_val": 0.9837962962962963,
      "E_val_size": 430
    },
    "20": {
      "y_acc_train": 0.9816377171215881,
      "y_acc_val": 0.9861111111111112,
      "halt_acc_train": 0.9732009925558313,
      "halt_acc_val": 0.9722222222222222,
      "E_val_size": 426
    },
    "50": {
      "y_acc_train": 0.9915632754342432,
      "y_acc_val": 0.9907407407407407,
      "halt_acc_train": 0.9836228287841191,
      "halt_acc_val": 0.9814814814814815,
      "E_val_size": 428
    }
  },
  "test_y_accuracy": 1.0,
  "test_halt_accuracy": 0.9930715935334873
}