{
  "epoch": 50,
  "acc_train": 0.9856079404466501,
  "acc_val": 0.9861111111111112,
  "loss": 0.023024790415822942,
  "E_train_size": 1986,
  "E_val_size": 426
}