{
  "epoch": 20,
  "acc_train": 0.9811414392059553,
  "acc_val": 0.9861111111111112,
  "loss": 0.04224489126494756,
  "E_train_size": 1977,
  "E_val_size": 426
}