{
  "y_acc_train": 0.777667493796526,
  "y_acc_val": 0.7800925925925926,
  "halt_acc_train": 0.571712158808933,
  "halt_acc_val": 0.5787037037037037,
  "E_val_size": 337
}