{
  "y_acc_train": 0.9647642679900744,
  "y_acc_val": 0.9675925925925926,
  "halt_acc_train": 0.9245657568238214,
  "halt_acc_val": 0.9189814814814815,
  "E_val_size": 418
}