{
  "y_acc_train": 0.5032258064516129,
  "y_acc_val": 0.5092592592592593,
  "halt_acc_train": 0.1196029776674938,
  "halt_acc_val": 0.12962962962962962,
  "E_val_size": 220
}