{
  "y_acc_train": 0.9950372208436724,
  "y_acc_val": 0.9907407407407407,
  "halt_acc_train": 0.9875930521091811,
  "halt_acc_val": 0.9884259259259259,
  "E_val_size": 428
}