{
  "y_acc_train": 0.9875930521091811,
  "y_acc_val": 0.9884259259259259,
  "halt_acc_train": 0.9791563275434243,
  "halt_acc_val": 0.9722222222222222,
  "E_val_size": 427
}