{
  "y_acc_train": 0.9950372208436724,
  "y_acc_val": 0.9907407407407407,
  "halt_acc_train": 0.9885856079404467,
  "halt_acc_val": 0.9861111111111112,
  "E_val_size": 428
}