{
  "checkpoints": {
    "0": {
      "y_acc_train": 0.5032258064516129,
      "y_acc_val": 0.5092592592592593,
      "halt_acc_train": 0.1196029776674938,
      "halt_acc_val": 0.12962962962962962,
      "E_val_size": 220
    },
    "1": {
      "y_acc_train": 0.777667493796526,
      "y_acc_val": 0.7800925925925926,
      "halt_acc_train": 0.571712158808933,
      "halt_acc_val": 0.5787037037037037,
      "E_val_size": 337
    },
    "5": {
      "y_acc_train": 0.9647642679900744,
      "y_acc_val": 0.9675925925925926,
      "halt_acc_train": 0.9245657568238214,
      "halt_acc_val": 0.9189814814814815,
      "E_val_size": 418
    },
    "10": {
      "y_acc_train": 0.9875930521091811,
      "y_acc_val": 0.9884259259259259,
      "halt_acc_train": 0.9791563275434243,
      "halt_acc_val": 0.9722222222222222,
      "E_val_size": 427
    },
    "20": {
      "y_acc_train": 0.9950372208436724,
      "y_acc_val": 0.9907407407407407,
      "halt_acc_train": 0.9885856079404467,
      "halt_acc_val": 0.9861111111111112,
      "E_val_size": 428
    },
    "50": {
      "y_acc_train": 0.9950372208436724,
      "y_acc_val": 0.9907407407407407,
      "halt_acc_train": 0.9875930521091811,
      "halt_acc_val": 0.9884259259259259,
      "E_val_size": 428
    }
  },
  "test_y_accuracy": 0.9907621247113164,
  "test_halt_accuracy": 0.9907621247113164
}