{
  "baseline": [
    0.0,
    0.0,
    0.0
  ],
  "uniform": [
    0.9907621247113164,
    0.9907621247113164,
    0.9907621247113164
  ],
  "K_guided": [
    0.9815242494226328,
    0.9815242494226328,
    0.9815242494226328
  ],
  "shuffle_K": [
    0.9838337182448037,
    0.9838337182448037,
    0.9838337182448037
  ]
}