{
  "epoch": 10,
  "acc_train": 0.9652605459057072,
  "acc_val": 0.9652777777777778,
  "loss": 0.11208125181934413,
  "E_train_size": 1945,
  "E_val_size": 417
}