{
  "checkpoints": {
    "0": {
      "acc_train": 0.5052109181141439,
      "acc_val": 0.47453703703703703,
      "E_val_size": 205
    },
    "1": {
      "acc_train": 0.7548387096774194,
      "acc_val": 0.7615740740740741,
      "E_val_size": 329
    },
    "5": {
      "acc_train": 0.8799007444168735,
      "acc_val": 0.9074074074074074,
      "E_val_size": 392
    },
    "10": {
      "acc_train": 0.9652605459057072,
      "acc_val": 0.9652777777777778,
      "E_val_size": 417
    },
    "20": {
      "acc_train": 0.9811414392059553,
      "acc_val": 0.9861111111111112,
      "E_val_size": 426
    },
    "50": {
      "acc_train": 0.9856079404466501,
      "acc_val": 0.9861111111111112,
      "E_val_size": 426
    }
  },
  "test_accuracy": 0.9838337182448037
}