{
  "y_acc_train": 0.9856079404466501,
  "y_acc_val": 0.9907407407407407,
  "halt_acc_train": 0.9751861042183623,
  "halt_acc_val": 0.9768518518518519,
  "E_val_size": 428
}