{
  "y_acc_train": 0.9692307692307692,
  "y_acc_val": 0.9699074074074074,
  "halt_acc_train": 0.9399503722084367,
  "halt_acc_val": 0.9513888888888888,
  "E_val_size": 419
}