{
  "y_acc_train": 0.9935483870967742,
  "y_acc_val": 0.9930555555555556,
  "halt_acc_train": 0.9861042183622829,
  "halt_acc_val": 0.9837962962962963,
  "E_val_size": 429
}