{
  "y_acc_train": 0.8059553349875931,
  "y_acc_val": 0.8564814814814815,
  "halt_acc_train": 0.5885856079404467,
  "halt_acc_val": 0.5694444444444444,
  "E_val_size": 370
}