{
  "y_acc_train": 0.9970223325062034,
  "y_acc_val": 1.0,
  "halt_acc_train": 0.023325062034739455,
  "halt_acc_val": 0.027777777777777776,
  "E_val_size": 432
}