{
  "y_acc_train": 0.9821339950372209,
  "y_acc_val": 0.9837962962962963,
  "halt_acc_train": 0.009925558312655087,
  "halt_acc_val": 0.011574074074074073,
  "E_val_size": 425
}