{
  "y_acc_train": 0.9652605459057072,
  "y_acc_val": 0.9675925925925926,
  "halt_acc_train": 0.008933002481389578,
  "halt_acc_val": 0.004629629629629629,
  "E_val_size": 418
}