{
  "y_acc_train": 0.9905707196029777,
  "y_acc_val": 0.9907407407407407,
  "halt_acc_train": 0.01687344913151365,
  "halt_acc_val": 0.016203703703703703,
  "E_val_size": 428
}