{
  "y_acc_train": 0.8387096774193549,
  "y_acc_val": 0.8657407407407407,
  "halt_acc_train": 0.06054590570719603,
  "halt_acc_val": 0.04861111111111111,
  "E_val_size": 374
}