{
  "checkpoints": {
    "0": {
      "y_acc_train": 0.48933002481389576,
      "y_acc_val": 0.4861111111111111,
      "halt_acc_train": 0.11761786600496278,
      "halt_acc_val": 0.11574074074074074,
      "E_val_size": 210
    },
    "1": {
      "y_acc_train": 0.8387096774193549,
      "y_acc_val": 0.8657407407407407,
      "halt_acc_train": 0.06054590570719603,
      "halt_acc_val": 0.04861111111111111,
      "E_val_size": 374
    },
    "5": {
      "y_acc_train": 0.9652605459057072,
      "y_acc_val": 0.9675925925925926,
      "halt_acc_train": 0.008933002481389578,
      "halt_acc_val": 0.004629629629629629,
      "E_val_size": 418
    },
    "10": {
      "y_acc_train": 0.9821339950372209,
      "y_acc_val": 0.9837962962962963,
      "halt_acc_train": 0.009925558312655087,
      "halt_acc_val": 0.011574074074074073,
      "E_val_size": 425
    },
    "20": {
      "y_acc_train": 0.9905707196029777,
      "y_acc_val": 0.9907407407407407,
      "halt_acc_train": 0.01687344913151365,
      "halt_acc_val": 0.016203703703703703,
      "E_val_size": 428
    },
    "50": {
      "y_acc_train": 0.9970223325062034,
      "y_acc_val": 1.0,
      "halt_acc_train": 0.023325062034739455,
      "halt_acc_val": 0.027777777777777776,
      "E_val_size": 432
    }
  },
  "test_y_accuracy": 0.9930715935334873,
  "test_halt_accuracy": 0.03926096997690531
}