{
  "epoch": 10,
  "acc_train": 0.9583126550868486,
  "acc_val": 0.9537037037037037,
  "loss": 0.12395418688396162,
  "E_train_size": 1931,
  "E_val_size": 412
}