{
  "epoch": 50,
  "acc_train": 0.9866004962779157,
  "acc_val": 0.9837962962962963,
  "loss": 0.02288828898988498,
  "E_train_size": 1988,
  "E_val_size": 425
}