{
  "checkpoints": {
    "0": {
      "acc_train": 0.5052109181141439,
      "acc_val": 0.47453703703703703,
      "E_val_size": 205
    },
    "1": {
      "acc_train": 0.7543424317617866,
      "acc_val": 0.7754629629629629,
      "E_val_size": 335
    },
    "5": {
      "acc_train": 0.9086848635235732,
      "acc_val": 0.9351851851851852,
      "E_val_size": 404
    },
    "10": {
      "acc_train": 0.9578163771712159,
      "acc_val": 0.9675925925925926,
      "E_val_size": 418
    },
    "20": {
      "acc_train": 0.9786600496277915,
      "acc_val": 0.9837962962962963,
      "E_val_size": 425
    },
    "50": {
      "acc_train": 0.9866004962779157,
      "acc_val": 0.9837962962962963,
      "E_val_size": 425
    }
  },
  "test_accuracy": 0.9907621247113164
}