{
  "epoch": 5,
  "acc_train": 0.8799007444168735,
  "acc_val": 0.9074074074074074,
  "loss": 0.3402616652837785,
  "E_train_size": 1773,
  "E_val_size": 392
}