{
  "epoch": 1,
  "acc_train": 0.7548387096774194,
  "acc_val": 0.7615740740740741,
  "loss": 0.6165466164285518,
  "E_train_size": 1521,
  "E_val_size": 329
}