{
  "epoch": 5,
  "acc_train": 0.860545905707196,
  "acc_val": 0.875,
  "loss": 0.32969963086952475,
  "E_train_size": 1734,
  "E_val_size": 378
}