{
  "epoch": 50,
  "acc_train": 0.9781637717121588,
  "acc_val": 0.9837962962962963,
  "loss": 0.021185910462799155,
  "E_train_size": 1971,
  "E_val_size": 425
}