{
  "checkpoints": {
    "0": {
      "acc_train": 0.5052109181141439,
      "acc_val": 0.47453703703703703,
      "E_val_size": 205
    },
    "1": {
      "acc_train": 0.5429280397022332,
      "acc_val": 0.5370370370370371,
      "E_val_size": 232
    },
    "5": {
      "acc_train": 0.860545905707196,
      "acc_val": 0.875,
      "E_val_size": 378
    },
    "10": {
      "acc_train": 0.9583126550868486,
      "acc_val": 0.9537037037037037,
      "E_val_size": 412
    },
    "20": {
      "acc_train": 0.9692307692307692,
      "acc_val": 0.9814814814814815,
      "E_val_size": 424
    },
    "50": {
      "acc_train": 0.9781637717121588,
      "acc_val": 0.9837962962962963,
      "E_val_size": 425
    }
  },
  "test_accuracy": 0.9815242494226328
}