{
  "checkpoints": {
    "0": {
      "y_acc_train": 0.50199203187251,
      "y_acc_val": 0.5011574074074074,
      "halt_acc_train": 0.1892430278884462,
      "halt_acc_val": 0.18287037037037038
    },
    "5": {
      "y_acc_train": 0.9272908366533864,
      "y_acc_val": 0.9120370370370371,
      "halt_acc_train": 0.5993525896414342,
      "halt_acc_val": 0.6238425925925926
    },
    "10": {
      "y_acc_train": 0.950199203187251,
      "y_acc_val": 0.9479166666666666,
      "halt_acc_train": 0.5993525896414342,
      "halt_acc_val": 0.6238425925925926
    },
    "25": {
      "y_acc_train": 0.976593625498008,
      "y_acc_val": 0.9756944444444444,
      "halt_acc_train": 0.5993525896414342,
      "halt_acc_val": 0.6238425925925926
    },
    "50": {
      "y_acc_train": 0.9731075697211156,
      "y_acc_val": 0.9733796296296297,
      "halt_acc_train": 0.5993525896414342,
      "halt_acc_val": 0.6238425925925926
    }
  },
  "test_y_accuracy": 0.9784090909090909,
  "test_halt_accuracy": 0.6295454545454545
}