{
  "y_acc_train": 0.9662531017369727,
  "y_acc_val": 0.9675925925925926,
  "halt_acc_train": 0.9081885856079405,
  "halt_acc_val": 0.9328703703703703,
  "E_val_size": 418
}