{
  "y_acc_train": 0.9826302729528535,
  "y_acc_val": 0.9861111111111112,
  "halt_acc_train": 0.9449131513647643,
  "halt_acc_val": 0.9629629629629629,
  "E_val_size": 426
}