{
  "y_acc_train": 0.9955334987593052,
  "y_acc_val": 1.0,
  "halt_acc_train": 0.9875930521091811,
  "halt_acc_val": 0.9768518518518519,
  "E_val_size": 432
}