{
  "y_acc_train": 0.8327543424317618,
  "y_acc_val": 0.8634259259259259,
  "halt_acc_train": 0.6168734491315137,
  "halt_acc_val": 0.5972222222222222,
  "E_val_size": 373
}