{
  "y_acc_train": 0.9920595533498759,
  "y_acc_val": 0.9907407407407407,
  "halt_acc_train": 0.9781637717121588,
  "halt_acc_val": 0.9722222222222222,
  "E_val_size": 428
}