{
  "checkpoints": {
    "0": {
      "y_acc_train": 0.48933002481389576,
      "y_acc_val": 0.4861111111111111,
      "halt_acc_train": 0.11761786600496278,
      "halt_acc_val": 0.11574074074074074,
      "E_val_size": 210
    },
    "1": {
      "y_acc_train": 0.8327543424317618,
      "y_acc_val": 0.8634259259259259,
      "halt_acc_train": 0.6168734491315137,
      "halt_acc_val": 0.5972222222222222,
      "E_val_size": 373
    },
    "5": {
      "y_acc_train": 0.9662531017369727,
      "y_acc_val": 0.9675925925925926,
      "halt_acc_train": 0.9081885856079405,
      "halt_acc_val": 0.9328703703703703,
      "E_val_size": 418
    },
    "10": {
      "y_acc_train": 0.9826302729528535,
      "y_acc_val": 0.9861111111111112,
      "halt_acc_train": 0.9449131513647643,
      "halt_acc_val": 0.9629629629629629,
      "E_val_size": 426
    },
    "20": {
      "y_acc_train": 0.9920595533498759,
      "y_acc_val": 0.9907407407407407,
      "halt_acc_train": 0.9781637717121588,
      "halt_acc_val": 0.9722222222222222,
      "E_val_size": 428
    },
    "50": {
      "y_acc_train": 0.9955334987593052,
      "y_acc_val": 1.0,
      "halt_acc_train": 0.9875930521091811,
      "halt_acc_val": 0.9768518518518519,
      "E_val_size": 432
    }
  },
  "test_y_accuracy": 0.9953810623556582,
  "test_halt_accuracy": 0.9838337182448037
}