{
  "y_acc_train": 0.9920595533498759,
  "y_acc_val": 0.9930555555555556,
  "halt_acc_train": 0.49528535980148886,
  "halt_acc_val": 0.5185185185185185,
  "E_val_size": 429
}