{
  "y_acc_train": 0.48933002481389576,
  "y_acc_val": 0.4861111111111111,
  "halt_acc_train": 0.14590570719602977,
  "halt_acc_val": 0.16203703703703703,
  "E_val_size": 210
}