{
  "y_acc_train": 0.9965260545905708,
  "y_acc_val": 0.9976851851851852,
  "halt_acc_train": 0.49528535980148886,
  "halt_acc_val": 0.5185185185185185,
  "E_val_size": 431
}