{
  "y_acc_train": 0.9905707196029777,
  "y_acc_val": 0.9884259259259259,
  "halt_acc_train": 0.49528535980148886,
  "halt_acc_val": 0.5185185185185185,
  "E_val_size": 427
}