{
  "y_acc_train": 0.8357320099255583,
  "y_acc_val": 0.8587962962962963,
  "halt_acc_train": 0.49230769230769234,
  "halt_acc_val": 0.5162037037037037,
  "E_val_size": 371
}