{
  "y_acc_train": 0.9687344913151364,
  "y_acc_val": 0.9699074074074074,
  "halt_acc_train": 0.49528535980148886,
  "halt_acc_val": 0.5185185185185185,
  "E_val_size": 419
}