{
  "checkpoints": {
    "0": {
      "y_acc_train": 0.48933002481389576,
      "y_acc_val": 0.4861111111111111,
      "halt_acc_train": 0.14590570719602977,
      "halt_acc_val": 0.16203703703703703,
      "E_val_size": 210
    },
    "1": {
      "y_acc_train": 0.8357320099255583,
      "y_acc_val": 0.8587962962962963,
      "halt_acc_train": 0.49230769230769234,
      "halt_acc_val": 0.5162037037037037,
      "E_val_size": 371
    },
    "5": {
      "y_acc_train": 0.9687344913151364,
      "y_acc_val": 0.9699074074074074,
      "halt_acc_train": 0.49528535980148886,
      "halt_acc_val": 0.5185185185185185,
      "E_val_size": 419
    },
    "10": {
      "y_acc_train": 0.9905707196029777,
      "y_acc_val": 0.9884259259259259,
      "halt_acc_train": 0.49528535980148886,
      "halt_acc_val": 0.5185185185185185,
      "E_val_size": 427
    },
    "20": {
      "y_acc_train": 0.9910669975186104,
      "y_acc_val": 0.9930555555555556,
      "halt_acc_train": 0.49528535980148886,
      "halt_acc_val": 0.5185185185185185,
      "E_val_size": 429
    },
    "50": {
      "y_acc_train": 0.9970223325062034,
      "y_acc_val": 0.9976851851851852,
      "halt_acc_train": 0.49528535980148886,
      "halt_acc_val": 0.5185185185185185,
      "E_val_size": 431
    }
  },
  "test_y_accuracy": 0.9953810623556582,
  "test_halt_accuracy": 0.5011547344110855
}