{
  "y_acc_train": 0.9181141439205955,
  "y_acc_val": 0.9004629629629629,
  "halt_acc_train": 0.4947890818858561,
  "halt_acc_val": 0.5115740740740741,
  "E_val_size": 389
}