{
  "y_acc_train": 0.4843672456575682,
  "y_acc_val": 0.5185185185185185,
  "halt_acc_train": 0.0,
  "halt_acc_val": 0.0,
  "E_val_size": 224
}