{
  "y_acc_train": 0.9945409429280397,
  "y_acc_val": 0.9861111111111112,
  "halt_acc_train": 0.4947890818858561,
  "halt_acc_val": 0.5115740740740741,
  "E_val_size": 426
}