{
  "y_acc_train": 0.9851116625310173,
  "y_acc_val": 0.9699074074074074,
  "halt_acc_train": 0.4947890818858561,
  "halt_acc_val": 0.5115740740740741,
  "E_val_size": 419
}