{
  "y_acc_train": 0.9751861042183623,
  "y_acc_val": 0.9768518518518519,
  "halt_acc_train": 0.4947890818858561,
  "halt_acc_val": 0.5115740740740741,
  "E_val_size": 422
}