{
  "y_acc_train": 0.824317617866005,
  "y_acc_val": 0.8217592592592593,
  "halt_acc_train": 0.4947890818858561,
  "halt_acc_val": 0.5115740740740741,
  "E_val_size": 355
}