{
  "checkpoints": {
    "0": {
      "y_acc_train": 0.4843672456575682,
      "y_acc_val": 0.5185185185185185,
      "halt_acc_train": 0.0,
      "halt_acc_val": 0.0,
      "E_val_size": 224
    },
    "1": {
      "y_acc_train": 0.824317617866005,
      "y_acc_val": 0.8217592592592593,
      "halt_acc_train": 0.4947890818858561,
      "halt_acc_val": 0.5115740740740741,
      "E_val_size": 355
    },
    "5": {
      "y_acc_train": 0.9181141439205955,
      "y_acc_val": 0.9004629629629629,
      "halt_acc_train": 0.4947890818858561,
      "halt_acc_val": 0.5115740740740741,
      "E_val_size": 389
    },
    "10": {
      "y_acc_train": 0.9751861042183623,
      "y_acc_val": 0.9768518518518519,
      "halt_acc_train": 0.4947890818858561,
      "halt_acc_val": 0.5115740740740741,
      "E_val_size": 422
    },
    "20": {
      "y_acc_train": 0.9851116625310173,
      "y_acc_val": 0.9699074074074074,
      "halt_acc_train": 0.4947890818858561,
      "halt_acc_val": 0.5115740740740741,
      "E_val_size": 419
    },
    "50": {
      "y_acc_train": 0.9945409429280397,
      "y_acc_val": 0.9861111111111112,
      "halt_acc_train": 0.4947890818858561,
      "halt_acc_val": 0.5115740740740741,
      "E_val_size": 426
    }
  },
  "test_y_accuracy": 0.9907621247113164,
  "test_halt_accuracy": 0.5103926096997691
}