{
  "y_acc_train": 0.9578163771712159,
  "y_acc_val": 0.9629629629629629,
  "halt_acc_train": 0.49528535980148886,
  "halt_acc_val": 0.5185185185185185,
  "E_val_size": 416
}