{
  "checkpoints": {
    "0": {
      "y_acc_train": 0.48933002481389576,
      "y_acc_val": 0.4861111111111111,
      "halt_acc_train": 0.14590570719602977,
      "halt_acc_val": 0.16203703703703703,
      "E_val_size": 210
    },
    "1": {
      "y_acc_train": 0.8158808933002482,
      "y_acc_val": 0.8611111111111112,
      "halt_acc_train": 0.49528535980148886,
      "halt_acc_val": 0.5185185185185185,
      "E_val_size": 372
    },
    "5": {
      "y_acc_train": 0.9578163771712159,
      "y_acc_val": 0.9629629629629629,
      "halt_acc_train": 0.49528535980148886,
      "halt_acc_val": 0.5185185185185185,
      "E_val_size": 416
    },
    "10": {
      "y_acc_train": 0.9880893300248139,
      "y_acc_val": 0.9861111111111112,
      "halt_acc_train": 0.49528535980148886,
      "halt_acc_val": 0.5185185185185185,
      "E_val_size": 426
    },
    "20": {
      "y_acc_train": 0.9920595533498759,
      "y_acc_val": 0.9930555555555556,
      "halt_acc_train": 0.49528535980148886,
      "halt_acc_val": 0.5185185185185185,
      "E_val_size": 429
    },
    "50": {
      "y_acc_train": 0.9965260545905708,
      "y_acc_val": 0.9976851851851852,
      "halt_acc_train": 0.49528535980148886,
      "halt_acc_val": 0.5185185185185185,
      "E_val_size": 431
    }
  },
  "test_y_accuracy": 0.9953810623556582,
  "test_halt_accuracy": 0.5011547344110855
}