{
  "epoch": 20,
  "acc_train": 0.9786600496277915,
  "acc_val": 0.9837962962962963,
  "loss": 0.04198618088444468,
  "E_train_size": 1972,
  "E_val_size": 425
}