{
  "epoch": 10,
  "acc_train": 0.9578163771712159,
  "acc_val": 0.9675925925925926,
  "loss": 0.09224720533299387,
  "E_train_size": 1930,
  "E_val_size": 418
}