{
  "y_acc_train": 0.9861042183622829,
  "y_acc_val": 0.9884259259259259,
  "halt_acc_train": 0.9771712158808933,
  "halt_acc_val": 0.9814814814814815,
  "E_val_size": 427
}