{
  "y_acc_train": 0.9493796526054591,
  "y_acc_val": 0.9328703703703703,
  "halt_acc_train": 0.8853598014888338,
  "halt_acc_val": 0.8587962962962963,
  "E_val_size": 403
}