{
  "y_acc_train": 0.9955334987593052,
  "y_acc_val": 0.9976851851851852,
  "halt_acc_train": 0.9910669975186104,
  "halt_acc_val": 0.9907407407407407,
  "E_val_size": 431
}