{
  "y_acc_train": 0.8129032258064516,
  "y_acc_val": 0.7708333333333334,
  "halt_acc_train": 0.5066997518610422,
  "halt_acc_val": 0.4930555555555556,
  "E_val_size": 333
}