{
  "y_acc_train": 0.9950372208436724,
  "y_acc_val": 0.9930555555555556,
  "halt_acc_train": 0.9880893300248139,
  "halt_acc_val": 0.9837962962962963,
  "E_val_size": 429
}