{
  "y_acc_train": 0.5101736972704715,
  "y_acc_val": 0.4930555555555556,
  "halt_acc_train": 0.1935483870967742,
  "halt_acc_val": 0.19907407407407407,
  "E_val_size": 213
}