{
  "checkpoints": {
    "0": {
      "y_acc_train": 0.5101736972704715,
      "y_acc_val": 0.4930555555555556,
      "halt_acc_train": 0.1935483870967742,
      "halt_acc_val": 0.19907407407407407,
      "E_val_size": 213
    },
    "1": {
      "y_acc_train": 0.8129032258064516,
      "y_acc_val": 0.7708333333333334,
      "halt_acc_train": 0.5066997518610422,
      "halt_acc_val": 0.4930555555555556,
      "E_val_size": 333
    },
    "5": {
      "y_acc_train": 0.9493796526054591,
      "y_acc_val": 0.9328703703703703,
      "halt_acc_train": 0.8853598014888338,
      "halt_acc_val": 0.8587962962962963,
      "E_val_size": 403
    },
    "10": {
      "y_acc_train": 0.9861042183622829,
      "y_acc_val": 0.9884259259259259,
      "halt_acc_train": 0.9771712158808933,
      "halt_acc_val": 0.9814814814814815,
      "E_val_size": 427
    },
    "20": {
      "y_acc_train": 0.9950372208436724,
      "y_acc_val": 0.9930555555555556,
      "halt_acc_train": 0.9880893300248139,
      "halt_acc_val": 0.9837962962962963,
      "E_val_size": 429
    },
    "50": {
      "y_acc_train": 0.9955334987593052,
      "y_acc_val": 0.9976851851851852,
      "halt_acc_train": 0.9910669975186104,
      "halt_acc_val": 0.9907407407407407,
      "E_val_size": 431
    }
  },
  "test_y_accuracy": 0.9907621247113164,
  "test_halt_accuracy": 0.9838337182448037
}