{
  "epoch": 5,
  "acc_train": 0.9086848635235732,
  "acc_val": 0.9351851851851852,
  "loss": 0.3089045963497375,
  "E_train_size": 1831,
  "E_val_size": 404
}