{
  "epoch": 1,
  "acc_train": 0.7543424317617866,
  "acc_val": 0.7754629629629629,
  "loss": 0.6212842504676459,
  "E_train_size": 1520,
  "E_val_size": 335
}