{
  "y_acc_train": 0.9920595533498759,
  "y_acc_val": 0.9907407407407407,
  "halt_acc_train": 0.9741935483870968,
  "halt_acc_val": 0.9814814814814815,
  "E_val_size": 428
}