{
  "checkpoints": {
    "0": {
      "y_acc_train": 0.48933002481389576,
      "y_acc_val": 0.4861111111111111,
      "halt_acc_train": 0.11761786600496278,
      "halt_acc_val": 0.11574074074074074,
      "E_val_size": 210
    },
    "1": {
      "y_acc_train": 0.8059553349875931,
      "y_acc_val": 0.8564814814814815,
      "halt_acc_train": 0.5885856079404467,
      "halt_acc_val": 0.5694444444444444,
      "E_val_size": 370
    },
    "5": {
      "y_acc_train": 0.9692307692307692,
      "y_acc_val": 0.9699074074074074,
      "halt_acc_train": 0.9399503722084367,
      "halt_acc_val": 0.9513888888888888,
      "E_val_size": 419
    },
    "10": {
      "y_acc_train": 0.9920595533498759,
      "y_acc_val": 0.9907407407407407,
      "halt_acc_train": 0.9741935483870968,
      "halt_acc_val": 0.9814814814814815,
      "E_val_size": 428
    },
    "20": {
      "y_acc_train": 0.9856079404466501,
      "y_acc_val": 0.9907407407407407,
      "halt_acc_train": 0.9751861042183623,
      "halt_acc_val": 0.9768518518518519,
      "E_val_size": 428
    },
    "50": {
      "y_acc_train": 0.9935483870967742,
      "y_acc_val": 0.9930555555555556,
      "halt_acc_train": 0.9861042183622829,
      "halt_acc_val": 0.9837962962962963,
      "E_val_size": 429
    }
  },
  "test_y_accuracy": 0.9976905311778291,
  "test_halt_accuracy": 0.9907621247113164
}