{
  "y_acc_train": 0.9866004962779157,
  "y_acc_val": 0.9861111111111112,
  "halt_acc_train": 0.49528535980148886,
  "halt_acc_val": 0.5185185185185185,
  "E_val_size": 426
}