{
  "y_acc_train": 0.9429280397022333,
  "y_acc_val": 0.9537037037037037,
  "halt_acc_train": 0.49528535980148886,
  "halt_acc_val": 0.5185185185185185,
  "E_val_size": 412
}