{
  "checkpoints": {
    "0": {
      "y_acc_train": 0.48933002481389576,
      "y_acc_val": 0.4861111111111111,
      "halt_acc_train": 0.14590570719602977,
      "halt_acc_val": 0.16203703703703703,
      "E_val_size": 210
    },
    "1": {
      "y_acc_train": 0.7330024813895781,
      "y_acc_val": 0.7615740740740741,
      "halt_acc_train": 0.49528535980148886,
      "halt_acc_val": 0.5185185185185185,
      "E_val_size": 329
    },
    "5": {
      "y_acc_train": 0.9429280397022333,
      "y_acc_val": 0.9537037037037037,
      "halt_acc_train": 0.49528535980148886,
      "halt_acc_val": 0.5185185185185185,
      "E_val_size": 412
    },
    "10": {
      "y_acc_train": 0.9866004962779157,
      "y_acc_val": 0.9861111111111112,
      "halt_acc_train": 0.49528535980148886,
      "halt_acc_val": 0.5185185185185185,
      "E_val_size": 426
    },
    "20": {
      "y_acc_train": 0.9925558312655087,
      "y_acc_val": 0.9930555555555556,
      "halt_acc_train": 0.49528535980148886,
      "halt_acc_val": 0.5185185185185185,
      "E_val_size": 429
    },
    "50": {
      "y_acc_train": 0.9965260545905708,
      "y_acc_val": 0.9976851851851852,
      "halt_acc_train": 0.49528535980148886,
      "halt_acc_val": 0.5185185185185185,
      "E_val_size": 431
    }
  },
  "test_y_accuracy": 0.9953810623556582,
  "test_halt_accuracy": 0.5011547344110855
}