{
  "epoch": 1,
  "acc_train": 0.5429280397022332,
  "acc_val": 0.5370370370370371,
  "loss": 0.5794005965633142,
  "E_train_size": 1094,
  "E_val_size": 232
}