{
  "y_acc_train": 0.971712158808933,
  "y_acc_val": 0.9722222222222222,
  "halt_acc_train": 0.1498759305210918,
  "halt_acc_val": 0.1550925925925926,
  "E_val_size": 420
}