{
  "y_acc_train": 0.9915632754342432,
  "y_acc_val": 0.9930555555555556,
  "halt_acc_train": 0.14689826302729528,
  "halt_acc_val": 0.1550925925925926,
  "E_val_size": 429
}