{
  "y_acc_train": 0.9905707196029777,
  "y_acc_val": 0.9884259259259259,
  "halt_acc_train": 0.1488833746898263,
  "halt_acc_val": 0.1527777777777778,
  "E_val_size": 427
}