{
  "y_acc_train": 0.9975186104218362,
  "y_acc_val": 0.9976851851851852,
  "halt_acc_train": 0.1543424317617866,
  "halt_acc_val": 0.1597222222222222,
  "E_val_size": 431
}