{
  "y_acc_train": 0.8367245657568239,
  "y_acc_val": 0.8587962962962963,
  "halt_acc_train": 0.12456575682382134,
  "halt_acc_val": 0.12962962962962962,
  "E_val_size": 371
}