{
  "checkpoints": {
    "0": {
      "y_acc_train": 0.48933002481389576,
      "y_acc_val": 0.4861111111111111,
      "halt_acc_train": 0.14590570719602977,
      "halt_acc_val": 0.16203703703703703,
      "E_val_size": 210
    },
    "1": {
      "y_acc_train": 0.8367245657568239,
      "y_acc_val": 0.8587962962962963,
      "halt_acc_train": 0.12456575682382134,
      "halt_acc_val": 0.12962962962962962,
      "E_val_size": 371
    },
    "5": {
      "y_acc_train": 0.971712158808933,
      "y_acc_val": 0.9722222222222222,
      "halt_acc_train": 0.1498759305210918,
      "halt_acc_val": 0.1550925925925926,
      "E_val_size": 420
    },
    "10": {
      "y_acc_train": 0.9905707196029777,
      "y_acc_val": 0.9884259259259259,
      "halt_acc_train": 0.1488833746898263,
      "halt_acc_val": 0.1527777777777778,
      "E_val_size": 427
    },
    "20": {
      "y_acc_train": 0.9915632754342432,
      "y_acc_val": 0.9930555555555556,
      "halt_acc_train": 0.14689826302729528,
      "halt_acc_val": 0.1550925925925926,
      "E_val_size": 429
    },
    "50": {
      "y_acc_train": 0.9975186104218362,
      "y_acc_val": 0.9976851851851852,
      "halt_acc_train": 0.1543424317617866,
      "halt_acc_val": 0.1597222222222222,
      "E_val_size": 431
    }
  },
  "test_y_accuracy": 0.9953810623556582,
  "test_halt_accuracy": 0.13394919168591224
}