{
  "epoch": 20,
  "acc_train": 0.9692307692307692,
  "acc_val": 0.9814814814814815,
  "loss": 0.04209211923071123,
  "E_train_size": 1953,
  "E_val_size": 424
}