{
  "y_acc_train": 0.9945409429280397,
  "y_acc_val": 0.9953703703703703,
  "halt_acc_train": 0.5126550868486353,
  "halt_acc_val": 0.5,
  "E_val_size": 430
}