{
  "y_acc_train": 0.9508684863523573,
  "y_acc_val": 0.9583333333333334,
  "halt_acc_train": 0.5081885856079404,
  "halt_acc_val": 0.5,
  "E_val_size": 414
}