{
  "y_acc_train": 0.7761786600496278,
  "y_acc_val": 0.7800925925925926,
  "halt_acc_train": 0.5081885856079404,
  "halt_acc_val": 0.5,
  "E_val_size": 337
}