{
  "y_acc_train": 0.9880893300248139,
  "y_acc_val": 0.9861111111111112,
  "halt_acc_train": 0.5081885856079404,
  "halt_acc_val": 0.5,
  "E_val_size": 426
}