{
  "y_acc_train": 0.5032258064516129,
  "y_acc_val": 0.5092592592592593,
  "halt_acc_train": 0.17568238213399504,
  "halt_acc_val": 0.1412037037037037,
  "E_val_size": 220
}