{
  "y_acc_train": 0.9895781637717121,
  "y_acc_val": 0.9861111111111112,
  "halt_acc_train": 0.513151364764268,
  "halt_acc_val": 0.5046296296296297,
  "E_val_size": 426
}