{
  "checkpoints": {
    "0": {
      "y_acc_train": 0.5032258064516129,
      "y_acc_val": 0.5092592592592593,
      "halt_acc_train": 0.17568238213399504,
      "halt_acc_val": 0.1412037037037037,
      "E_val_size": 220
    },
    "1": {
      "y_acc_train": 0.7761786600496278,
      "y_acc_val": 0.7800925925925926,
      "halt_acc_train": 0.5081885856079404,
      "halt_acc_val": 0.5,
      "E_val_size": 337
    },
    "5": {
      "y_acc_train": 0.9508684863523573,
      "y_acc_val": 0.9583333333333334,
      "halt_acc_train": 0.5081885856079404,
      "halt_acc_val": 0.5,
      "E_val_size": 414
    },
    "10": {
      "y_acc_train": 0.9880893300248139,
      "y_acc_val": 0.9861111111111112,
      "halt_acc_train": 0.5081885856079404,
      "halt_acc_val": 0.5,
      "E_val_size": 426
    },
    "20": {
      "y_acc_train": 0.9945409429280397,
      "y_acc_val": 0.9953703703703703,
      "halt_acc_train": 0.5126550868486353,
      "halt_acc_val": 0.5,
      "E_val_size": 430
    },
    "50": {
      "y_acc_train": 0.9895781637717121,
      "y_acc_val": 0.9861111111111112,
      "halt_acc_train": 0.513151364764268,
      "halt_acc_val": 0.5046296296296297,
      "E_val_size": 426
    }
  },
  "test_y_accuracy": 0.9838337182448037,
  "test_halt_accuracy": 0.45958429561200925
}