{
  "epoch": 5,
  "acc_train": 0.9071960297766749,
  "acc_val": 0.9351851851851852,
  "loss": 0.3025540619866724,
  "E_train_size": 1828,
  "E_val_size": 404,
  "E_val": [
    [
      227,
      "COS_GE",
      0.0
    ],
    [
      10,
      "SIGN_COS",
      null
    ],
    [
      358,
      "SIN_GE",
      0.5
    ],
    [
      292,
      "SIN_GE",
      0.0
    ],
    [
      348,
      "SIN_GE",
      0.5
    ],
    [
      128,
      "SIGN_SIN",
      null
    ],
    [
      69,
      "COS_GE",
      0.0
    ],
    [
      241,
      "SIN_GE",
      -0.5
    ],
    [
      103,
      "SIGN_SIN",
      null
    ],
    [
      323,
      "COS_GE",
      0.5
    ],
    [
      77,
      "SIN_GE",
      0.5
    ],
    [
      176,
      "SIN_GE",
      -0.5
    ],
    [
      119,
      "COS_GE",
      0.5
    ],
    [
      31,
      "SIN_GE",
      0.5
    ],
    [
      348,
      "COS_GE",
      -0.5
    ],
    [
      73,
      "COS_GE",
      0.5
    ],
    [
      235,
      "SIN_GE",
      0.5
    ],
    [
      145,
      "COS_GE",
      0.0
    ],
    [
      307,
      "SIN_GE",
      -0.5
    ],
    [
      191,
      "COS_GE",
      0.0
    ],
    [
      152,
      "SIN_GE",
      -0.5
    ],
    [
      78,
      "COS_GE",
      0.0
    ],
    [
      202,
      "COS_GE",
      0.5
    ],
    [
      42,
      "COS_GE",
      -0.5
    ],
    [
      358,
      "SIGN_COS",
      null
    ],
    [
      18,
      "SIN_GE",
      -0.5
    ],
    [
      256,
      "SIN_GE",
      0.5
    ],
    [
      211,
      "SIN_GE",
      0.0
    ],
    [
      68,
      "SIGN_SIN",
      null
    ],
    [
      232,
      "SIN_GE",
      0.0
    ],
    [
      310,
      "SIN_GE",
      -0.5
    ],
    [
      294,
      "COS_GE",
      0.5
    ],
    [
      58,
      "SIN_GE",
      0.5
    ],
    [
      292,
      "COS_GE",
      0.0
    ],
    [
      101,
      "SIN_GE",
      -0.5
    ],
    [
      258,
      "COS_GE",
      0.5
    ],
    [
      119,
      "SIN_GE",
      0.0
    ],
    [
      36,
      "COS_GE",
      -0.5
    ],
    [
      232,
      "COS_GE",
      -0.5
    ],
    [
      144,
      "SIN_GE",
      0.5
    ],
    [
      147,
      "SIN_GE",
      0.0
    ],
    [
      118,
      "SIN_GE",
      0.0
    ],
    [
      16,
      "COS_GE",
      0.0
    ],
    [
      240,
      "SIN_GE",
      0.0
    ],
    [
      321,
      "SIN_GE",
      0.0
    ],
    [
      209,
      "SIGN_COS",
      null
    ],
    [
      1,
      "SIN_GE",
      -0.5
    ],
    [
      80,
      "SIGN_COS",
      null
    ],
    [
      38,
      "COS_GE",
      -0.5
    ],
    [
      88,
      "COS_GE",
      0.5
    ],
    [
      122,
      "SIN_GE",
      0.5
    ],
    [
      80,
      "COS_GE",
      -0.5
    ],
    [
      41,
      "SIN_GE",
      0.0
    ],
    [
      314,
      "SIN_GE",
      -0.5
    ],
    [
      347,
      "SIN_GE",
      -0.5
    ],
    [
      106,
      "COS_GE",
      -0.5
    ],
    [
      50,
      "SIN_GE",
      0.5
    ],
    [
      343,
      "SIN_GE",
      -0.5
    ],
    [
      219,
      "SIN_GE",
      0.0
    ],
    [
      152,
      "SIGN_COS",
      null
    ],
    [
      226,
      "COS_GE",
      0.0
    ],
    [
      230,
      "COS_GE",
      0.0
    ],
    [
      285,
      "SIN_GE",
      0.0
    ],
    [
      115,
      "SIN_GE",
      0.0
    ],
    [
      213,
      "SIGN_SIN",
      null
    ],
    [
      60,
      "COS_GE",
      0.0
    ],
    [
      352,
      "SIN_GE",
      -0.5
    ],
    [
      43,
      "SIN_GE",
      0.0
    ],
    [
      297,
      "COS_GE",
      -0.5
    ],
    [
      76,
      "COS_GE",
      -0.5
    ],
    [
      77,
      "COS_GE",
      0.0
    ],
    [
      27,
      "COS_GE",
      -0.5
    ],
    [
      37,
      "COS_GE",
      0.5
    ],
    [
      251,
      "SIN_GE",
      0.5
    ],
    [
      205,
      "SIGN_COS",
      null
    ],
    [
      33,
      "COS_GE",
      -0.5
    ],
    [
      58,
      "COS_GE",
      -0.5
    ],
    [
      244,
      "SIN_GE",
      0.0
    ],
    [
      129,
      "SIN_GE",
      -0.5
    ],
    [
      26,
      "SIN_GE",
      -0.5
    ],
    [
      94,
      "COS_GE",
      -0.5
    ],
    [
      174,
      "COS_GE",
      -0.5
    ],
    [
      225,
      "SIN_GE",
      0.0
    ],
    [
      245,
      "SIGN_SIN",
      null
    ],
    [
      240,
      "SIN_GE",
      -0.5
    ],
    [
      145,
      "SIN_GE",
      0.0
    ],
    [
      6,
      "SIN_GE",
      -0.5
    ],
    [
      52,
      "SIN_GE",
      0.0
    ],
    [
      268,
      "COS_GE",
      0.5
    ],
    [
      278,
      "SIN_GE",
      -0.5
    ],
    [
      149,
      "SIN_GE",
      0.0
    ],
    [
      27,
      "COS_GE",
      0.5
    ],
    [
      23,
      "SIN_GE",
      -0.5
    ],
    [
      140,
      "COS_GE",
      -0.5
    ],
    [
      64,
      "SIN_GE",
      0.5
    ],
    [
      7,
      "SIGN_COS",
      null
    ],
    [
      154,
      "SIN_GE",
      0.5
    ],
    [
      307,
      "SIGN_SIN",
      null
    ],
    [
      184,
      "SIN_GE",
      0.5
    ],
    [
      116,
      "COS_GE",
      -0.5
    ]
  ]
}